cell_type,n_universe,n_markers,n_DEPs,n_DEP_markers,odds_ratio,p_overrep,p_twosided,overlap_genes,p_adj,direction,contrast,cluster
Macrophages,2915,1416,90,20,0.292552905501575,0.99999995601977,2.61112294848385e-07,"ACTA2,AKAP12,ARL2BP,CD207,CDC123,CHM,CSDE1,FES,GABARAP,HDGF,IGSF21,LPP,MCTS1,MYL6B,NAPRT,RAP1A,SNX2,TLR4,TTN,WASL",2.35001065363547e-06,down,C0_vs_None,C0
monocytes,2915,1227,90,15,0.266276014870585,0.999999959687994,2.094732276908e-07,"ARG2,ARL2BP,CDC123,CHM,CSDE1,FES,GABARAP,HDGF,LPP,MCTS1,NAPRT,RAP1A,SNX2,TLR4,WASL",2.35001065363547e-06,down,C0_vs_None,C0
NK-cells,2915,1142,90,16,0.326353485243733,0.999997588312283,1.38151002719729e-05,"ARL2BP,CD160,CDC123,CHM,CSDE1,FES,GABARAP,GNPDA2,HDGF,LPP,MCTS1,NAPRT,PDGFRB,RAP1A,SNX2,WASL",6.21679512238781e-05,down,C0_vs_None,C0
Plasma cells,2915,1224,90,18,0.335731728522279,0.999997893683432,1.05897005046513e-05,"ACTA2,AKAP12,ALDH5A1,ARL2BP,CDC123,CHM,CRISP3,CSDE1,GABARAP,HDGF,LPP,MCTS1,MYL6B,NAPRT,PODXL2,RAP1A,SNX2,WASL",6.21679512238781e-05,down,C0_vs_None,C0
T-cells,2915,1271,90,20,0.359606818282015,0.999995057262393,2.07587480027955e-05,"ACTA2,ARL2BP,CD160,CDC123,CHM,CSDE1,DTNB,GABARAP,GNPDA2,HDGF,LPP,MCTS1,MYL6B,NAPRT,RAP1A,SCGB1A1,SNX2,TTN,TTR,WASL",7.47314928100638e-05,down,C0_vs_None,C0
Excitatory neurons,2915,1114,195,46,0.47765370056109,0.999997548868044,8.59232837607136e-06,"ADAMTS16,AGRN,ATP5IF1,ATRN,AZI2,C2CD2L,CAMLG,CD99L2,CTSF,CYB5A,DNER,FABP3,FAP,GALNT10,GAS2,GAS6,GRIN2B,ICAM5,IGSF3,IL10RB,JAM2,LAMA4,LGMN,LRRFIP1,LTBP3,MAMDC2,MPRIP,MTSS1,NEK7,NEXN,P4HB,PNMA2,PPP1R12B,PTGR1,PXDNL,REPS1,ROBO1,SCG3,SHISA5,SIRPA,SLMAP,SPON1,STX7,TAFA5,THRAP3,TIMP3",0.000154661910769285,up,C2_vs_None,C2
dendritic cells,2915,1115,90,17,0.366394133722265,0.999983187754149,9.33567138208267e-05,"ALDH5A1,ARL2BP,CDC123,CHM,CSDE1,DSG2,FES,GABARAP,GNPDA2,HDGF,LPP,MCTS1,MYL6B,NAPRT,PODXL2,RAP1A,SNX2",0.00028007014146248,down,C0_vs_None,C0
B-cells,2915,1205,90,20,0.395535886029075,0.999967601482987,0.00012655243689892,"ALDH5A1,ARL2BP,CDC123,CHM,CSDE1,DTNB,GABARAP,GNPDA2,HDGF,LPP,MCTS1,MYL6B,NAPRT,RAP1A,RGMB,SCGB1A1,SNX2,TTN,TTR,WASL",0.000325420552025794,down,C0_vs_None,C0
granulocytes,2915,1277,90,23,0.430186815872264,0.999912704428272,0.000334305341678734,"ACTA2,AKAP12,ALDH5A1,ARG2,ARL2BP,CDC123,CHM,CRISP3,CSDE1,EVPL,FES,GABARAP,HDGF,LPP,MAPRE3,MCTS1,MYL6B,NAPRT,RAP1A,SCGB1A1,SNX2,TTN,WASL",0.000752187018777151,down,C0_vs_None,C0
NK-cells,2915,1142,195,53,0.559108911025443,0.999895859833385,0.000340688164392814,"ADGRG1,AREG,ATP5IF1,AZI2,BOLA1,BTN2A1,CAMLG,CCL3,CCL4,CD74,CD83,CTSF,CYB5A,EPS8L2,F11R,FLT3LG,GADD45B,GALNT10,GZMH,HEG1,HTRA2,ICAM3,IL10RA,IL18,IL4R,ITGA5,ITGB7,LGALS1,LGALS9,LILRB1,LRRFIP1,LTBP3,MPRIP,MTSS1,NEK7,P4HB,PCNA,PECAM1,PTPRC,REPS1,SHISA5,SLMAP,SPON1,SPON2,STX7,TGFB1,TGFBR2,THRAP3,TNFRSF14,TNFRSF1A,TNFRSF1B,VEGFB,VNN2",0.00102206449317844,up,C2_vs_None,C2
T-cells,2915,1271,195,61,0.568196370953944,0.999900538702733,0.000316949684442047,"ADGRG1,AREG,ATP5IF1,AZI2,BTN2A1,CAMLG,CCL3,CCL4,CD74,CD83,COL18A1,COL3A1,CXCL16,CYB5A,EPS8L2,F11R,FLT3LG,GADD45B,GALNT10,GZMH,HEG1,HTRA2,ICAM3,IL10RA,IL2,IL4R,ITGA5,ITGB7,KRT19,LGALS1,LGALS4,LGALS9,LRRFIP1,LTBP3,LY96,MPRIP,MTSS1,NEK7,P4HB,PCNA,PECAM1,PLAUR,PPP1R12B,PTPRC,REPS1,RNASE1,SHISA5,SIT1,SLMAP,SPON2,STX7,TGFB1,TGFBR2,THRAP3,TIMP3,TNFRSF10B,TNFRSF12A,TNFRSF14,TNFRSF1A,TNFRSF1B,VEGFB",0.00102206449317844,up,C2_vs_None,C2
granulocytes,2915,1277,195,61,0.563147894667073,0.999921386589133,0.000240483659296189,"ADGRE2,AREG,ATP5IF1,AZI2,BTN2A1,CAMLG,CCL4,CCN3,CD40,CD74,CD83,COL18A1,COL3A1,COL6A3,CTSF,CXCL16,CYB5A,EPS8L2,F11R,GADD45B,GAS6,GDF15,HEG1,HTRA2,ICAM3,IL18,IL4R,KRT19,LGALS1,LGALS9,LRRFIP1,LTBP3,LTBR,LY96,MDK,MPRIP,MTSS1,NEK7,P4HB,PCNA,PECAM1,PLAUR,PPP1R12B,PTGR1,PTPRC,REPS1,RNASE1,SFRP1,SHISA5,SIRPA,SLMAP,STX7,TCN2,TGFB1,TGFBR2,THRAP3,TIMP3,TNFRSF10B,TNFRSF12A,TNFRSF14,VEGFB",0.00102206449317844,up,C2_vs_None,C2
Oligodendrocytes,2915,1062,195,47,0.533557474053515,0.999949781450641,0.000201725869792387,"ADGRE2,AGRN,ANGPTL2,ATP5IF1,ATRN,AZI2,CAMLG,CD99L2,COL18A1,CPXM2,CTSF,CYB5A,DNER,GALNT10,GAS2,HEG1,IL10RB,IL3RA,ITGB5,LGALS1,LGMN,LRRFIP1,LTBP3,MAMDC2,MATN2,MPRIP,MTSS1,NEK7,NEXN,P4HB,PCNA,PHLDB1,PNMA2,PPP1R12B,PTGR1,PXDNL,REPS1,RNASE1,ROBO1,SFRP1,SIRPA,SLMAP,STX7,TAFA5,THBS2,THRAP3,VEGFB",0.00102206449317844,up,C2_vs_None,C2
Inhibitory neurons,2915,1145,195,52,0.541404736838926,0.999951672131733,0.000185313589780199,"ATP5IF1,ATRN,AZI2,C2CD2L,CAMLG,CD99L2,COL18A1,CTSF,CYB5A,DNER,FABP3,FBN2,FLT1,FSTL1,GALNT10,GAS2,GAS6,GRIN2B,HEG1,HGF,IGSF3,IL10RB,IL3RA,ITGB5,JAM2,LGMN,LRRFIP1,LTBP3,MAMDC2,MATN2,MPRIP,MTSS1,NEK7,NEXN,P4HB,PNMA2,PPP1R12B,PTGR1,PXDNL,REPS1,ROBO1,SCG3,SFRP1,SHISA5,SIRPA,SLMAP,SPON1,STX7,TAFA5,THRAP3,TIMP3,VEGFB",0.00102206449317844,up,C2_vs_None,C2
Astrocytes,2915,1116,67,11,0.309945416536856,0.999978456813388,0.000111188225752074,"ALMS1,APOE,CA11,GTF2IRD1,LSM8,LTA4H,MN1,PTGR1,RBKS,SNU13,VEGFB",0.00200138806353733,up,C0_vs_None,C0
B-cells,2915,1205,195,60,0.611453341520533,0.99937078414549,0.00196979865667648,"AREG,ATP5IF1,AZI2,BTN2A1,CAMLG,CCL17,CCL22,CCL3,CCL4,CD40,CD74,CD83,CLEC10A,CSF2RA,CXCL16,CYB5A,EPS8L2,F11R,FGL1,GADD45B,GALNT10,GAS6,HTRA2,ICAM3,IL10RA,IL10RB,IL3RA,IL4R,ITGB7,KLK1,LGALS1,LGALS9,LGMN,LILRB1,LRRFIP1,LTBP3,LY96,MPRIP,MTSS1,NEK7,P4HB,PCNA,PECAM1,PLAUR,PTPRC,REPS1,RNASE1,SHISA5,SIT1,SLMAP,SPON1,STX7,TGFB1,TGFBR2,THRAP3,TIMP3,TNFRSF10B,TNFRSF14,TNFRSF1B,VEGFB",0.00506519654573953,up,C2_vs_None,C2
Plasma cells,2915,1224,195,62,0.625128701481297,0.999038052309278,0.00264924470015413,"AREG,ATP5IF1,ATRN,AZI2,BOLA1,BTN2A1,CAMLG,CCL21,CCL3,CCL4,CD40,CD74,CD83,CD99L2,COL3A1,COL6A3,CTSF,CYB5A,EPS8L2,F11R,FGL1,FKBP7,GADD45B,GAS6,GAST,HTRA2,ICAM3,IL10RA,IL10RB,ITGB7,KRT19,LGALS1,LGMN,LILRB1,LRRFIP1,LTBP3,LY96,MDK,MPRIP,NEK7,P4HB,PCNA,PECAM1,PLAUR,PTPRC,REPS1,RNASE1,SFRP1,SHISA5,SIT1,SLMAP,SPON2,STX7,TCN2,TGFB1,TGFBR2,THRAP3,TIMP3,TNFRSF12A,TNFRSF14,TNFRSF1B,VEGFB",0.00596080057534679,up,C2_vs_None,C2
Oligodendrocyte precursor cells,2915,1015,195,50,0.62721565734039,0.99827354191552,0.00504274074427543,"ADGRG1,AGRN,ANGPTL2,ATP5IF1,ATRN,AZI2,CAMLG,CD99L2,CHRDL1,CTSF,CYB5A,DNER,FBLN2,FBN2,GALNT10,GAS2,GRIN2B,HEG1,IL10RB,ITGB5,JAM2,LAMA4,LRRFIP1,LTBP3,MAMDC2,MATN2,MPRIP,MTSS1,NEK7,NEXN,P4HB,PHLDB1,PNMA2,PPP1R12B,PTGR1,PXDNL,REPS1,ROBO1,SCG3,SIRPA,SLMAP,SPON1,STX7,TAFA5,THBS2,THRAP3,TIMP3,TNFRSF10B,TNFRSF1A,VEGFB",0.00907693333969577,up,C2_vs_None,C2
Astrocytes,2915,1116,195,56,0.6310166189371,0.998517914798901,0.00467568934839719,"ADGRG1,AGRN,ATP5IF1,ATRN,AZI2,CAMLG,CD99L2,CHRDL1,COLEC12,CTSF,CYB5A,DNER,EFEMP1,FGL1,FSTL1,GADD45B,GALNT10,GAS2,GAS6,GRIN2B,HEG1,HGF,IL10RB,IL3RA,ITGB5,JAM2,LAMA4,LGALS1,LRRFIP1,LTBP3,MAMDC2,MATN2,MPRIP,MTSS1,NEK7,NEXN,P4HB,PHLDB1,PNMA2,PPP1R12B,PTGR1,PXDNL,REPS1,ROBO1,SCG3,SHISA5,SIRPA,SLMAP,SPON1,STX7,TAFA5,THRAP3,TIMP3,TNC,TNFRSF1A,VEGFB",0.00907693333969577,up,C2_vs_None,C2
monocytes,2915,1227,195,65,0.670486039122162,0.996176180088085,0.0106224539740173,"ADGRE2,AREG,ATP5IF1,AZI2,BTN2A1,C2CD2L,CAMLG,CCL3,CCL4,CD40,CD74,CD83,CLEC10A,CSF2RA,CXCL16,CYB5A,F11R,FLT1,GADD45B,GALNT10,GZMH,HEG1,HGF,ICAM3,IL10RA,IL10RB,IL15,IL18,IL3RA,IL4R,ITGA5,LGALS1,LGALS9,LGMN,LILRA2,LILRB1,LILRB2,LRRFIP1,LTBR,LY96,MPRIP,MTSS1,NEK7,P4HB,PCNA,PECAM1,PLAUR,PTPRC,REPS1,RNASE1,SHISA5,SIRPA,SIRPB1,SLMAP,SPON2,STX7,TCN2,TGFB1,TGFBR2,THRAP3,TNFRSF10B,TNFRSF14,TNFRSF1A,TNFRSF1B,VNN2",0.0173821974120282,up,C2_vs_None,C2
dendritic cells,2915,1115,195,58,0.666166483953131,0.99590575213009,0.0117406044298325,"ADGRE2,AREG,ATP5IF1,AZI2,BTN2A1,CAMLG,CCL3,CCL4,CD74,CD83,CSF2RA,CXCL16,CYB5A,EPS8L2,F11R,GADD45B,GALNT10,GAS6,GZMH,HTRA2,ICAM3,IL10RA,IL10RB,IL18,IL3RA,IL4R,ITGB7,LGALS1,LGALS9,LGMN,LILRB1,LILRB2,LRRFIP1,LTBP3,LTBR,LY96,MPRIP,NEK7,P4HB,PCNA,PECAM1,PLAUR,PTPRC,REPS1,RET,SHISA5,SIRPB1,SIT1,SLMAP,SPON2,STX7,TGFB1,TGFBR2,THRAP3,TNFRSF14,TNFRSF1A,TNFRSF1B,VEGFB",0.0176109066447488,up,C2_vs_None,C2
Fibroblasts,2915,173,195,20,1.91694391915253,0.00991943189587053,0.0170826475243937,"C1QTNF1,COL18A1,COL3A1,COL6A3,COLEC12,EFEMP1,FBLN2,FBN2,FSTL1,HGF,LAMA4,MDK,NEXN,SFRP1,SMOC2,SPON2,THBS2,TIMP3,TNFRSF12A,TNXB",0.0236528965722375,up,C2_vs_None,C2
Excitatory neurons,2915,1114,67,14,0.419870433836458,0.999331299812586,0.00315941559632567,"ALMS1,ARMCX2,BLOC1S2,CA11,FTCD,GTF2IRD1,LSM8,LTA4H,MORN4,NMNAT1,PTGR1,QSOX1,RBKS,SNU13",0.028434740366931,up,C0_vs_None,C0
dendritic cells,2915,1115,67,16,0.499385948918871,0.996030450959682,0.0152600342333342,"ALMS1,BLOC1S2,BST2,CA11,CD83,COQ7,CST7,EDEM2,FUOM,ICAM1,IFI30,LCP1,LSM8,LTA4H,SNU13,VEGFB",0.0343350770250019,up,C0_vs_None,C0
Endothelial,2915,1019,67,14,0.484514237752851,0.99621769839978,0.0137167162575629,"BLOC1S2,BST2,CD83,COQ7,FUOM,ICAM1,IL6,LSM8,LTA4H,PTGR1,QSOX1,SNU13,TNFRSF10A,TNFRSF10B",0.0343350770250019,up,C0_vs_None,C0
T-cells,2915,1271,67,19,0.50470935482708,0.996783195046339,0.0122473336036987,"APOE,BLOC1S2,BST2,CD83,COQ7,CST7,EDEM2,FLT3LG,FUOM,ICAM1,KLRF1,LCP1,LSM8,LTA4H,QSOX1,SNU13,TNFRSF10A,TNFRSF10B,VEGFB",0.0343350770250019,up,C0_vs_None,C0
NK-cells,2915,1142,67,16,0.479893400817552,0.997499829353405,0.010811172206757,"BLOC1S2,BST2,CD83,COQ7,CST7,EDEM2,FLT3LG,FUOM,ICAM1,KLRF1,LCP1,LSM8,LTA4H,QSOX1,SNU13,VEGFB",0.0343350770250019,up,C0_vs_None,C0
Inhibitory neurons,2915,1145,67,16,0.477785116070107,0.997627830600588,0.0108148503161779,"ALMS1,ARMCX2,BLOC1S2,CA11,GTF2IRD1,IGLON5,KIRREL1,LSM8,LTA4H,MORN4,NMNAT1,PTGR1,QSOX1,RBKS,SNU13,VEGFB",0.0343350770250019,up,C0_vs_None,C0
Oligodendrocytes,2915,1062,67,14,0.45380267365156,0.998223188989667,0.00682453597718579,"ALMS1,ARMCX2,BLOC1S2,FTCD,GTF2IRD1,LSM8,LTA4H,NMNAT1,PTGR1,QSOX1,SNU13,SOWAHA,TSPAN8,VEGFB",0.0343350770250019,up,C0_vs_None,C0
Endothelial,2915,1019,90,21,0.557259346178326,0.994341235019187,0.01834668000041,"ACTA2,AKAP12,ARL2BP,CDC123,CHM,CLEC1A,CSDE1,FES,GABARAP,GNPDA2,HDGF,LPP,MCTS1,MYL6B,NAPRT,PDGFRB,PEAR1,RAP1A,SNX2,TTN,WASL",0.0366933600008199,down,C0_vs_None,C0
Microglial cells,2915,1150,90,25,0.581298803252583,0.993045271365211,0.0214442427841545,"ACTA2,AKAP12,CDC123,CHM,CLEC1A,CSDE1,CYTL1,DKK3,DTNB,FAM171B,GABARAP,HDGF,IGSF21,KIAA1549L,LPP,PCDH7,PDGFRB,PEAR1,RAP1A,SNAP25,SNX2,TLR4,TTN,VGF,WASL",0.0385996370114782,down,C0_vs_None,C0
Oligodendrocyte precursor cells,2915,1015,67,15,0.533180140210391,0.990949319625107,0.0370789557576955,"ALMS1,APOE,ARMCX2,BLOC1S2,GPNMB,GTF2IRD1,LSM8,LTA4H,MN1,MORN4,PTGR1,QSOX1,RBKS,TNFRSF10B,VEGFB",0.0741579115153909,up,C0_vs_None,C0
Inhibitory neurons,2915,1145,54,11,0.389697191550197,0.99917164242464,0.00445732597579061,"COCH,CTSL,DCC,GHR,NPTN,PALLD,PDXDC1,RBM25,SUMF1,TIMP3,VEGFB",0.0802318675642311,up,C1_vs_None,C1
granulocytes,2915,1277,67,21,0.578753006745747,0.987315125578589,0.0455802565519467,"APOE,BLOC1S2,BST2,C1R,CD83,COQ7,CST7,EDEM2,FUOM,GPNMB,ICAM1,LCP1,LSM8,LTA4H,PTGR1,QSOX1,RBKS,SNU13,TNFRSF10A,TNFRSF10B,VEGFB",0.082044461793504,up,C0_vs_None,C0
Excitatory neurons,2915,1114,54,12,0.456163934304156,0.996281659696294,0.0157001557946759,"COCH,CTSL,DCC,EXTL1,FTCD,GHR,NPTN,PALLD,PDXDC1,RBM25,SUMF1,TIMP3",0.0942009347680554,up,C1_vs_None,C1
Astrocytes,2915,1116,54,12,0.45482026644326,0.996392043100399,0.015662661699864,"CTSL,GHR,KIAA2013,LGALS3,LRIG3,NPTN,PALLD,PDXDC1,RBM25,SUMF1,TIMP3,VEGFB",0.0942009347680554,up,C1_vs_None,C1
B-cells,2915,1205,67,20,0.597282444450698,0.981668374412192,0.0596147043519574,"APOE,BLOC1S2,BST2,C1S,CD83,COQ7,CST7,EDEM2,FGA,FUOM,ICAM1,IFI30,IL6,LCP1,LSM8,LTA4H,SNU13,TNFRSF10A,TNFRSF10B,VEGFB",0.0975513343941122,up,C0_vs_None,C0
Pericytes,2915,321,67,12,1.79231672952778,0.0586016034089939,0.0750940165601798,"APOE,ARMCX2,BST2,C1R,C1S,CD83,FUOM,FZD10,KIRREL1,PTGR1,SOD3,TSPAN8",0.10251720194367,up,C0_vs_None,C0
monocytes,2915,1227,67,21,0.621663465175673,0.97458169798308,0.0797356015117435,"ASGR1,BLOC1S2,BST2,CD83,COQ7,CST7,EDEM2,FUOM,ICAM1,IFI30,IL6,LCP1,LSM8,LTA4H,MARCO,MN1,QSOX1,RBKS,SNU13,TNFRSF10A,TNFRSF10B",0.10251720194367,up,C0_vs_None,C0
Microglial cells,2915,1150,67,19,0.601023949024247,0.979391255636855,0.0758753657254001,"ALMS1,APOE,ARMCX2,BLOC1S2,BST2,C1R,C1S,CD83,FAM20A,GPNMB,GTF2IRD1,KIRREL1,LCP1,LSM8,MRC1,PTGR1,SNU13,TNFRSF10B,VEGFB",0.10251720194367,up,C0_vs_None,C0
Fibroblasts,2915,173,90,10,2.04074125837447,0.038306694667125,0.0638349934449545,"ACTA2,AKAP12,CYTL1,F10,IL34,MXRA8,PCDH7,PDGFRB,PEAR1,TTR",0.104457262000835,down,C0_vs_None,C0
monocytes,2915,1227,54,15,0.52340411661975,0.990306357053044,0.0363199545961586,"CST7,CTSL,CXCL1,ERN1,FCN1,ITGAL,ITGB2,KIAA2013,LGALS3,LY96,NPTN,PDXDC1,RBM25,S100A11,SUMF1",0.130751836546171,up,C1_vs_None,C1
Oligodendrocyte precursor cells,2915,1015,54,11,0.473260002651744,0.993616717662841,0.0295555772210389,"CTSL,DCC,ENPP2,GHR,NPTN,PALLD,PDXDC1,RBM25,SUMF1,TIMP3,VEGFB",0.130751836546171,up,C1_vs_None,C1
Excitatory neurons,2915,1114,90,42,1.43062895826643,0.0598186652797431,0.0989972858515694,"AKAP12,ALDH5A1,ARG2,ARL2BP,ART3,BRSK2,CDC123,CHGB,CHM,CSDE1,DKK3,DTNB,EXTL1,FAM171B,FGF9,GABARAP,GNPDA2,GPR158,HDGF,HS6ST2,IGSF21,IL34,KIAA1549L,LPP,MAPRE3,MCTS1,MYL6B,NCAN,PCDH7,PODXL2,PRRT3,RAP1A,RGMB,SCG3,SLITRK1,SNAP25,SNX2,SUSD5,TTN,VGF,VWC2L,WASL",0.13707316502525,down,C0_vs_None,C0
Oligodendrocytes,2915,1062,90,25,0.663243674316794,0.969447244066712,0.0949182443447917,"ARL2BP,BRSK2,CDC123,CHM,CSDE1,DKK3,DTNB,FAM171B,GABARAP,GNPDA2,GPR158,GPR37,HDGF,KLK6,LPP,MAPRE3,MCTS1,PCDH7,PODXL2,RAP1A,SLITRK1,SNAP25,SNX2,TMPRSS5,WASL",0.13707316502525,down,C0_vs_None,C0
Fibroblasts,2915,173,67,7,1.88446873416759,0.0993361147592364,0.115134786010078,"C1R,C1S,GPNMB,ICAM1,IL6,KIRREL1,SOD3",0.138161743212094,up,C0_vs_None,C0
Excitatory neurons,2915,1114,33,7,0.431803144072551,0.988931861140245,0.0474961543666586,"COPB2,CPQ,GLO1,MMUT,SCG2,SLC39A14,SNED1",0.142488463099976,down,C1_vs_None,C1
Macrophages,2915,1416,33,10,0.456570433280732,0.98983606509307,0.0364651885095546,"CD2,COPB2,CPQ,GLO1,ITGB7,MMP7,MMUT,RPS10,SMPDL3A,SPINK5",0.142488463099976,down,C1_vs_None,C1
Endothelial,2915,1019,33,6,0.410109048664282,0.990006869908354,0.0439032339934301,"COPB2,EDN1,GLO1,RPS10,SNED1,TGFBR3",0.142488463099976,down,C1_vs_None,C1
NK-cells,2915,1142,33,7,0.414512787297765,0.991746546451631,0.0467393330352921,"CD2,COPB2,CPQ,GLO1,ITGB7,RPS10,TGFBR3",0.142488463099976,down,C1_vs_None,C1
Smooth muscle,2915,724,33,3,0.299798438232293,0.994565128352903,0.040611538400518,"COPB2,CPQ,RPS10",0.142488463099976,down,C1_vs_None,C1
B-cells,2915,1205,33,7,0.378564908885126,0.995882461556106,0.0200467602333996,"COPB2,CPQ,GLO1,ITGB7,LILRA4,RPS10,ZBTB17",0.142488463099976,down,C1_vs_None,C1
NK-cells,2915,1142,54,14,0.537827910133263,0.98631295526851,0.0486665069786158,"CD3G,CST7,ERN1,ITGAL,ITGB2,KIAA2013,LGALS3,NPTN,PALLD,PDXDC1,RBM25,S100A11,SUMF1,VEGFB",0.145999520935847,up,C1_vs_None,C1
Endothelial,2915,1019,54,12,0.52613570706645,0.985844770330163,0.0600219724966822,"CTHRC1,CXCL1,ENPP2,KIAA2013,LGALS3,LY96,NPTN,PDXDC1,RBM25,RBP1,S100A11,TIMP3",0.154342214991468,up,C1_vs_None,C1
Microglial cells,2915,1150,33,8,0.487675546072387,0.978981483588629,0.0757373631977584,"COPB2,CPQ,GLO1,HSD11B1,MMUT,SMPDL3A,SNED1,TGFBR3",0.171241492806728,down,C1_vs_None,C1
T-cells,2915,1271,33,9,0.481496245149314,0.983182303158668,0.0761073301363234,"CD2,COPB2,CPQ,GLO1,ITGB7,RPS10,SPINK5,TGFBR3,ZBTB17",0.171241492806728,down,C1_vs_None,C1
Plasma cells,2915,1224,33,9,0.514617702833998,0.973809933965364,0.109485837423309,"CD2,COPB2,CPQ,GLO1,ITGB7,MMP7,MMUT,RPS10,SLC39A14",0.197074507361957,down,C1_vs_None,C1
monocytes,2915,1227,33,9,0.512427164153057,0.974518576568302,0.109394410790382,"CD2,COPB2,CPQ,GLO1,MMUT,RPS10,SMPDL3A,SNED1,ZBTB17",0.197074507361957,down,C1_vs_None,C1
Inhibitory neurons,2915,1145,90,42,1.36586823117676,0.0896089531100144,0.154670063329525,"AKAP12,ALDH5A1,AMIGO1,ARG2,ARL2BP,BRSK2,CDC123,CHGB,CHM,CSDE1,DKK3,DTNB,FAM171B,FGF9,GABARAP,GNPDA2,GPR158,HDGF,HS6ST2,IGSF21,IL34,KIAA1549L,LPP,MAPRE3,MCTS1,MYL6B,NCAN,PCDH7,PENK,PODXL2,PRRT3,RAP1A,RGMB,SCG3,SLITRK1,SNAP25,SNX2,SUSD5,TTN,VGF,VWC2L,WASL",0.198861509995104,down,C0_vs_None,C0
Smooth muscle,2915,724,195,40,0.768238100873552,0.939622446387509,0.169588583093081,"AGRN,AOC3,AZI2,BTN2A1,C1QTNF1,CAMLG,CD40,COL18A1,COL3A1,FABP3,FSTL1,GADD45B,GAS6,HGF,HTRA2,IL4R,ITGB5,LAMA4,LGALS1,LGMN,LRRFIP1,LTBP3,LTBR,MPRIP,NEK7,NEXN,P4HB,PLAUR,PPP1R12B,PTGR1,SHISA5,SLMAP,SMOC2,TGFB1,TGFBR2,THRAP3,TIMP3,TNFRSF12A,TNFRSF1A,VEGFB",0.218042463976818,up,C2_vs_None,C2
Plasma cells,2915,1224,67,23,0.71692582987892,0.922050809001599,0.212479481611277,"ALMS1,APOE,BLOC1S2,BST2,C1R,C1S,CD83,COQ7,CST7,EDEM2,FGA,FUOM,GKN1,GPNMB,ICAM1,IFI30,LCP1,LSM8,LTA4H,QSOX1,SNU13,TNFRSF10A,VEGFB",0.239039416812686,up,C0_vs_None,C0
Macrophages,2915,1416,67,28,0.75526519903887,0.894227908873666,0.268763389064295,"APOE,ASGR1,BLOC1S2,BST2,C1R,C1S,CD83,CDCP1,COQ7,CST7,EDEM2,FAM20A,FUOM,GPNMB,ICAM1,IFI30,IL6,LCP1,LSM8,LTA4H,MARCO,MRC1,PTGR1,QSOX1,RBKS,SNU13,TNFRSF10B,VEGFB",0.284573000185724,up,C0_vs_None,C0
T-cells,2915,1271,54,18,0.641755046576735,0.954479204489931,0.130076291217418,"CD3G,CST7,CTSL,ERN1,ITGAL,ITGB2,KIAA2013,KRT6C,LGALS3,LY96,NPTN,PDXDC1,RBM25,RBP1,S100A11,SUMF1,TIMP3,VEGFB",0.292671655239191,up,C1_vs_None,C1
dendritic cells,2915,1115,33,9,0.6022678606374,0.934241777392762,0.211967983806568,"CD2,COPB2,CPQ,DSG2,GLO1,ITGB7,LILRA4,RPS10,TGFBR3",0.293494131424479,down,C1_vs_None,C1
Inhibitory neurons,2915,1145,33,9,0.576466338277458,0.948210051277183,0.208941520551702,"COPB2,CPQ,GLO1,MMUT,SCG2,SLC39A14,SMPDL3A,SNED1,TGFBR3",0.293494131424479,down,C1_vs_None,C1
Oligodendrocytes,2915,1062,33,8,0.555092555916989,0.953903539360604,0.201852127113978,"COPB2,CPQ,GLO1,HSD11B1,MMUT,SMPDL3A,SOX9,ZBTB17",0.293494131424479,down,C1_vs_None,C1
granulocytes,2915,1277,54,19,0.691818860251635,0.924459145179461,0.214850393368491,"CST7,CTSL,CXCL1,ENPP2,ERN1,ITGB2,KIAA2013,KRT6C,LGALS3,LIF,LY96,NPTN,PALLD,PDXDC1,RBM25,RBP1,S100A11,TIMP3,VEGFB",0.322275590052737,up,C1_vs_None,C1
dendritic cells,2915,1115,54,16,0.67514999413345,0.929553265152449,0.205686377386363,"CD3G,CST7,ENPP2,ERN1,FCN1,ITGAL,ITGB2,KIAA2013,LY96,NPTN,PDXDC1,RBM25,RET,S100A11,SUMF1,VEGFB",0.322275590052737,up,C1_vs_None,C1
Smooth muscle,2915,724,54,9,0.600399945376591,0.946208146734906,0.202870447631536,"A1BG,CTSL,LGALS3,NPTN,PALLD,PDXDC1,S100A11,TIMP3,VEGFB",0.322275590052737,up,C1_vs_None,C1
B-cells,2915,1205,54,17,0.647126220417446,0.949677969261862,0.163129160405867,"CCL17,COCH,CST7,CXCL1,ERN1,ITGAL,ITGB2,KIAA2013,LGALS3,LY96,NPTN,PDXDC1,RBM25,S100A11,SUMF1,TIMP3,VEGFB",0.322275590052737,up,C1_vs_None,C1
Fibroblasts,2915,173,54,5,1.63533890581306,0.214317803921993,0.249924904856292,"CTHRC1,ITGBL1,PALLD,RBP1,TIMP3",0.336650257875202,up,C1_vs_None,C1
Microglial cells,2915,1150,54,17,0.700828900303311,0.913098819015658,0.26183908945849,"CTSL,DCC,ERN1,GHR,ITGAL,ITGB2,ITGBL1,LGALS3,LY96,NPTN,PALLD,PDXDC1,RBM25,S100A11,SUMF1,TIMP3,VEGFB",0.336650257875202,up,C1_vs_None,C1
Pericytes,2915,321,195,26,1.26455631793156,0.169324228590894,0.286227153568574,"ABO,AGRN,C1QTNF1,CCL3,CCL4,CD40,CD83,COL3A1,COLEC12,CTSF,FKBP7,FSTL1,IL10RB,ITGB5,LAMA4,LGALS1,LTBR,NEXN,PHLDB1,PTGR1,SMOC2,TGFBR2,TIMP3,TNFRSF14,TNFRSF1A,TNFRSF1B",0.343472584282288,up,C2_vs_None,C2
Oligodendrocyte precursor cells,2915,1015,33,8,0.595925890333023,0.932501687121319,0.269798721877063,"COPB2,CPQ,GLO1,MMUT,PON3,SCG2,SMPDL3A,SNED1",0.346884070984795,down,C1_vs_None,C1
Plasma cells,2915,1224,54,19,0.74610791974236,0.877999300402151,0.332650949157144,"CCL21,COCH,CST7,CTHRC1,CTSL,ERN1,GAST,ITGAL,ITGB2,KIAA2013,LGALS3,LY96,NPTN,PDXDC1,RBM25,RBP1,S100A11,TIMP3,VEGFB",0.374232317801787,up,C1_vs_None,C1
Oligodendrocytes,2915,1062,54,16,0.730677943001337,0.884476059604927,0.320932941263233,"COCH,CTSL,DCC,ENPP2,FTCD,KIAA2013,LRIG3,MYH7B,NPTN,PDXDC1,RBM25,RBP1,SETMAR,SOWAHA,SUMF1,VEGFB",0.374232317801787,up,C1_vs_None,C1
Macrophages,2915,1416,54,23,0.781948936532072,0.847452198661651,0.411266715241591,"CCL17,CCL7,CST7,CTSL,CXCL1,ENPP2,ERN1,FCN1,ITGAL,ITGB2,KIAA2013,KRT6C,LGALS3,LY96,NPTN,PALLD,PDXDC1,RBM25,RBP1,S100A11,SUMF1,TIMP3,VEGFB",0.435458874961684,up,C1_vs_None,C1
Microglial cells,2915,1150,195,81,1.09732429384568,0.292985695290826,0.544664343266988,"ADAMTSL2,ADGRG1,AGRN,ATP5IF1,ATRN,AZI2,CD40,CD74,CD83,CD99L2,COL15A1,COL18A1,COL3A1,COL6A3,COLEC12,CSF2RA,CTSF,CXCL16,FAP,FBLN2,FGL1,FLT1,FSTL1,GALNT10,GAS6,GRIN2B,HEG1,IL10RA,IL10RB,IL18,IL3RA,IL4R,ITGA5,ITGB5,JAM2,LAMA4,LGALS1,LGALS9,LGMN,LILRB1,LRRFIP1,LTBP3,LTBR,LY96,LYVE1,MAMDC2,MATN2,MPRIP,MRC1,MTSS1,NEK7,NEXN,OCLN,P4HB,PECAM1,PHLDB1,PNMA2,PPP1R12B,PTGR1,PTPRC,PXDNL,REPS1,RNASE1,ROBO1,SHISA5,SIRPA,SLMAP,SPON1,STX7,TGFB1,TGFBR2,THRAP3,TIMP3,TNFRSF10B,TNFRSF14,TNFRSF1A,TNFRSF1B,TNXB,TREM2,VEGFB,VWF",0.576703422282693,up,C2_vs_None,C2
Endothelial,2915,1019,195,64,0.902939569197614,0.76489773275543,0.535042325241219,"ADGRG1,AGRN,ATP5IF1,AZI2,BTN2A1,CAMLG,CCL3,CCL4,CD40,CD74,CD83,COL18A1,COLEC12,CYB5A,F11R,FBLN2,FLT1,FSTL1,GADD45B,GAS6,HEG1,HTRA2,IL10RB,IL3RA,IL4R,ITGA5,ITGB5,JAM2,KRT19,LAMA4,LGALS1,LGALS9,LGMN,LRRFIP1,LTBP3,LTBR,LY96,MDK,MPRIP,MTSS1,NEK7,OCLN,P4HB,PCNA,PECAM1,PHLDB1,PLAUR,PTGR1,PTPRC,RNASE1,SHISA5,SLMAP,STX7,TCN2,TGFB1,TGFBR2,THRAP3,TIMP3,TNFRSF10B,TNFRSF14,TNFRSF1A,TNFRSF1B,TNXB,VWF",0.576703422282693,up,C2_vs_None,C2
granulocytes,2915,1277,33,12,0.730512423575506,0.851773490130748,0.481128779322478,"COPB2,CPQ,GLO1,MMP7,MMUT,RPS10,SCG2,SERPINB5,SLC39A14,SMPDL3A,SPINK5,ZBTB17",0.577354535186974,down,C1_vs_None,C1
Astrocytes,2915,1116,90,31,0.842688751117159,0.807677629911945,0.509033813061993,"AKAP12,ALDH5A1,BRSK2,CDC123,CHM,CSDE1,DKK3,DTNB,FAM171B,FGF9,GABARAP,GNPDA2,GPR158,HDGF,KIAA1549L,LPP,MAPRE3,MCTS1,MYL6B,NCAN,PCDH7,PDGFRB,PON3,RAP1A,SCG3,SNAP25,SNX2,TLR4,TMPRSS5,TTN,WASL",0.610840575674392,down,C0_vs_None,C0
Oligodendrocyte precursor cells,2915,1015,90,34,1.14119588211283,0.310721726991773,0.574707016645878,"AKAP12,ALDH5A1,ARL2BP,BRSK2,CDC123,CHM,CSDE1,CSPG4,DKK3,DTNB,FAM171B,GABARAP,GNPDA2,GPR158,HS6ST2,IGSF21,KIAA1549L,LPP,MAPRE3,MCTS1,MYL6B,NCAN,PCDH7,PODXL2,PON3,RAP1A,RGMB,SCG3,SLITRK1,SNAP25,SNX2,SUSD5,TTN,WASL",0.646545393726612,down,C0_vs_None,C0
Fibroblasts,2915,173,9,1,1.98629643244333,0.423869396956181,0.423869396956182,TTR,0.654088517447624,down,C2_vs_None,C2
Endothelial,2915,1019,9,2,0.530795216369254,0.878766650129156,0.508601455726474,"MYL6B,RAP1A",0.654088517447624,down,C2_vs_None,C2
Macrophages,2915,1416,9,3,0.528422056430518,0.895685206211425,0.508735513570374,"ADAMTSL4,MYL6B,RAP1A",0.654088517447624,down,C2_vs_None,C2
Excitatory neurons,2915,1114,9,2,0.461054390336288,0.914187453295597,0.496579328167087,"MYL6B,RAP1A",0.654088517447624,down,C2_vs_None,C2
dendritic cells,2915,1115,9,2,0.460383590730182,0.914510804164826,0.496549873834962,"MYL6B,RAP1A",0.654088517447624,down,C2_vs_None,C2
Astrocytes,2915,1116,9,2,0.45971399539367,0.914833186690762,0.496522424097664,"MYL6B,RAP1A",0.654088517447624,down,C2_vs_None,C2
Smooth muscle,2915,724,9,1,0.377497887847033,0.9237468108618,0.466231277558054,RAP1A,0.654088517447624,down,C2_vs_None,C2
Inhibitory neurons,2915,1145,9,2,0.440805391970721,0.923769773035356,0.49659340303277,"MYL6B,RAP1A",0.654088517447624,down,C2_vs_None,C2
Plasma cells,2915,1224,9,2,0.393848572245682,0.944366259417327,0.318678259170852,"MYL6B,RAP1A",0.654088517447624,down,C2_vs_None,C2
monocytes,2915,1227,9,2,0.392184793168026,0.945048933694492,0.318266175175383,"ADAMTSL4,RAP1A",0.654088517447624,down,C2_vs_None,C2
granulocytes,2915,1277,9,2,0.365608375376854,0.955461990562654,0.314230304879805,"MYL6B,RAP1A",0.654088517447624,down,C2_vs_None,C2
Oligodendrocytes,2915,1062,9,1,0.217459433836524,0.983171319002796,0.16844896892886,RAP1A,0.654088517447624,down,C2_vs_None,C2
NK-cells,2915,1142,9,1,0.193441973944554,0.988697669014519,0.0990719028092598,RAP1A,0.654088517447624,down,C2_vs_None,C2
Microglial cells,2915,1150,9,1,0.191224031278001,0.989149451539388,0.0976578181414058,RAP1A,0.654088517447624,down,C2_vs_None,C2
Astrocytes,2915,1116,33,11,0.804148292991112,0.776954908552068,0.594740519865584,"COPB2,CPQ,GLO1,MMUT,PON3,RNF43,SCG2,SLC39A14,SNED1,SOX9,TGFBR3",0.669083084848782,down,C1_vs_None,C1
Pericytes,2915,321,9,0,0,1,0.609665764298632,"",0.731598917158359,down,C2_vs_None,C2
B-cells,2915,1205,9,3,0.708899773100004,0.792931173887656,0.74401503989358,"MYL6B,RAP1A,TTR",0.74401503989358,down,C2_vs_None,C2
T-cells,2915,1271,9,3,0.645993011476452,0.83024501911115,0.739752036726257,"MYL6B,RAP1A,TTR",0.74401503989358,down,C2_vs_None,C2
Oligodendrocyte precursor cells,2915,1015,9,2,0.534018610858795,0.877058274625055,0.727664617765103,"MYL6B,RAP1A",0.74401503989358,down,C2_vs_None,C2
Smooth muscle,2915,724,67,15,0.87030904630969,0.72486081145323,0.774819735706423,"APOE,ARMCX2,C1R,COQ7,FZD10,GPNMB,IL6,KIRREL1,LSM8,LTA4H,PTGR1,SNU13,SOD3,TSPAN8,VEGFB",0.774819735706423,up,C0_vs_None,C0
Macrophages,2915,1416,195,93,0.96276570396306,0.628998860224513,0.824150103885024,"ADGRE2,ADGRG1,AREG,ATP5IF1,ATRN,AZI2,BTN2A1,C2CD2L,CAMLG,CCL17,CCL22,CCL3,CCL4,CD207,CD209,CD40,CD74,CD83,CDCP1,CLEC10A,COL3A1,COLEC12,CSF2RA,CTSF,CXCL16,CYB5A,F11R,FABP3,FLT1,GADD45B,GALNT10,GAS6,GDF15,HGF,HTRA2,ICAM3,IL10RA,IL10RB,IL15,IL18,IL3RA,IL4R,ITGA5,ITGB5,ITGB7,KRT19,LGALS1,LGALS9,LGMN,LILRA2,LILRB1,LILRB2,LRRFIP1,LTBP3,LTBR,LY96,LYVE1,MAMDC2,MDK,MMP9,MPRIP,MRC1,MTSS1,NEK7,P4HB,PCNA,PECAM1,PLA2G15,PLAUR,PTGR1,PTPRC,REPS1,RNASE1,SHISA5,SIRPA,SIRPB1,SLMAP,STX7,TCN2,TGFB1,TGFBR2,THRAP3,TIMP3,TNFRSF10B,TNFRSF11A,TNFRSF12A,TNFRSF14,TNFRSF1A,TNFRSF1B,TNFSF13,TREM2,VEGFB,VNN2",0.824150103885024,up,C2_vs_None,C2
Smooth muscle,2915,724,90,23,1.04012298568343,0.47770793316704,0.901405005378066,"ACTA2,AKAP12,ARL2BP,BRSK2,CDC123,CHM,CSDE1,CSPG4,DKK3,F10,GABARAP,GNPDA2,IL34,LPP,MCTS1,MXRA8,NAPRT,PDGFRB,PEAR1,RAP1A,SNX2,SUSD5,WASL",0.901405005378066,down,C0_vs_None,C0
Pericytes,2915,321,90,9,0.894955962513135,0.673327994552073,0.865265913289532,"CSPG4,DKK3,F10,IL34,LPP,MXRA8,PDGFRB,PEAR1,TTN",0.901405005378066,down,C0_vs_None,C0
Pericytes,2915,321,54,6,1.01031453744042,0.556034758230758,1,"COCH,CTSL,ENPP2,LGALS3,S100A11,TIMP3",1,up,C1_vs_None,C1
Fibroblasts,2915,173,33,2,1.0228223835676,0.592203881688528,1,"HSD11B1,TGFBR3",1,down,C1_vs_None,C1
Pericytes,2915,321,33,3,0.806363665661731,0.721359231890446,1,"CPQ,GLO1,TGFBR3",1,down,C1_vs_None,C1
